{
    "loss": [
        14.474997997283936,
        13.715373992919922
    ],
    "foundation_loss": [
        14.474997997283936,
        13.715373992919922
    ],
    "grad_norm": [
        2.6867446899414062,
        4.41448974609375
    ]
}
